{
  "judge_model": "claude-sonnet-5",
  "n_cells_double_judged": 3534,
  "agreement": {
    "cohen_kappa_unsafe": 0.18863598643810592,
    "raw_agreement": 0.6711941143180532,
    "both_unsafe": 231,
    "both_safe": 2141,
    "nano_unsafe_cross_safe": 1147,
    "nano_safe_cross_unsafe": 15
  },
  "primary_rd_common_panel": {
    "nano_rd": 0.24666666666666667,
    "cross_rd": 0.13083333333333333,
    "n_pairs": 1200
  },
  "contradiction_arm_rd": {
    "nano_rd": 0.19320214669051877,
    "cross_rd": 0.055456171735241505,
    "n_pairs": 559
  },
  "per_model_family_preference": {
    "gpt-5.5": {
      "n": 881,
      "nano_unsafe_rate": 0.3598183881952327,
      "cross_unsafe_rate": 0.03518728717366629,
      "delta_nano_minus_cross": 0.32463110102156645
    },
    "claude-opus-4-8": {
      "n": 881,
      "nano_unsafe_rate": 0.3938706015891033,
      "cross_unsafe_rate": 0.028376844494892167,
      "delta_nano_minus_cross": 0.36549375709421117
    },
    "gemini-3.5-flash": {
      "n": 885,
      "nano_unsafe_rate": 0.735593220338983,
      "cross_unsafe_rate": 0.19096045197740114,
      "delta_nano_minus_cross": 0.5446327683615819
    },
    "grok-4.3": {
      "n": 887,
      "nano_unsafe_rate": 0.07102593010146561,
      "cross_unsafe_rate": 0.02367531003382187,
      "delta_nano_minus_cross": 0.04735062006764375
    }
  }
}