perturbation_type,n_pairs,standard_rate,wrapper_rate,risk_difference,ci_low,ci_high
context_uncertainty,204,0.3431372549019608,0.15196078431372548,0.19117647058823528,0.1323529411764706,0.2549019607843137
decontextualized,572,0.46503496503496505,0.1486013986013986,0.31643356643356646,0.2744755244755245,0.35664335664335667
full_information,164,0.6402439024390244,0.573170731707317,0.06707317073170732,-0.018292682926829267,0.1524390243902439
missing_ancillary_tests,176,0.5454545454545454,0.26704545454545453,0.2784090909090909,0.19886363636363635,0.36363636363636365
reworded,84,0.6547619047619048,0.4642857142857143,0.19047619047619047,0.05952380952380952,0.32142857142857145
