dataset,n_pairs,standard_rate,wrapper_rate,risk_difference,ci_low,ci_high
healthbench,216,0.3472222222222222,0.14814814814814814,0.19907407407407407,0.1388888888888889,0.25925925925925924
medrbench,384,0.6119791666666666,0.4427083333333333,0.16927083333333334,0.11458333333333333,0.2265625
real_pocqi,600,0.47,0.15666666666666668,0.31333333333333335,0.2733333333333333,0.35333333333333333
