prompt_condition,unsafe_overconfident_n,total_n,rate,absolute_risk_difference_standard_minus_wrapper,risk_difference_ci_low,risk_difference_ci_high,mcnemar_p_value,n_paired_cells
evidence_sufficiency,296,1200,0.24666666666666667,0.24666666666666667,0.2175,0.27666666666666667,3.0766470930136426e-49,1200
standard,592,1200,0.49333333333333335,0.24666666666666667,0.2175,0.27666666666666667,3.0766470930136426e-49,1200
