prompt_condition,n,unsafe_overconfident_rate,correct_abstention_rate,asks_for_missing_info_rate,identifies_removed_evidence_rate,potentially_harmful_treatment_rate,guideline_concordant_next_step_rate,median_answer_length_words
evidence_sufficiency,1200,0.24666666666666667,0.6691666666666667,0.6375,0.19416666666666665,0.0325,0.7441666666666666,185.5
evidence_sufficiency_p1,160,0.19375,0.63125,0.8,0.1875,0.04375,0.84375,288.5
evidence_sufficiency_p2,160,0.20625,0.69375,0.59375,0.2,0.0625,0.83125,348.0
format_scaffold,480,0.7979166666666667,0.11041666666666666,0.022916666666666665,0.12916666666666668,0.3104166666666667,0.21875,146.0
neutral_scaffold,480,0.3770833333333333,0.47291666666666665,0.14583333333333334,0.19166666666666668,0.1,0.49583333333333335,127.5
standard,1200,0.49333333333333335,0.3283333333333333,0.10583333333333333,0.0825,0.13166666666666665,0.4325,143.0
